-- phpMyAdmin SQL Dump
-- version 5.2.0
-- https://www.phpmyadmin.net/
--
-- Host: 127.0.0.1
-- Generation Time: Jan 07, 2023 at 07:49 AM
-- Server version: 10.4.27-MariaDB
-- PHP Version: 7.4.33

SET SQL_MODE = "NO_AUTO_VALUE_ON_ZERO";
START TRANSACTION;
SET time_zone = "+00:00";


/*!40101 SET @OLD_CHARACTER_SET_CLIENT=@@CHARACTER_SET_CLIENT */;
/*!40101 SET @OLD_CHARACTER_SET_RESULTS=@@CHARACTER_SET_RESULTS */;
/*!40101 SET @OLD_COLLATION_CONNECTION=@@COLLATION_CONNECTION */;
/*!40101 SET NAMES utf8mb4 */;

--
-- Database: `shopdan`
--

-- --------------------------------------------------------

--
-- Table structure for table `admin_users`
--

CREATE TABLE `admin_users` (
  `id` int(10) UNSIGNED NOT NULL,
  `name` varchar(255) NOT NULL,
  `email` varchar(255) NOT NULL,
  `password` varchar(255) NOT NULL,
  `level` varchar(255) NOT NULL,
  `remember_token` varchar(100) DEFAULT NULL,
  `created_at` timestamp NULL DEFAULT NULL,
  `updated_at` timestamp NULL DEFAULT NULL
) ENGINE=InnoDB DEFAULT CHARSET=utf8 COLLATE=utf8_unicode_ci;

--
-- Dumping data for table `admin_users`
--

INSERT INTO `admin_users` (`id`, `name`, `email`, `password`, `level`, `remember_token`, `created_at`, `updated_at`) VALUES
(1, 'SupperAdmin', 'phamminh17041997@gmail.com', '$2y$10$q3UFgqoa.mt5Yx1dVEBT.ee6CZkLk7p7U4Y.kbYQh6PLJ/mxgenJm', '100', 'nC5cWamDxi8glIjl8ksWgGROkZRVLIRbnmw7RVOuOAEEqSqQWo42vGMws1az', '2022-11-17 00:38:38', '2022-12-24 11:25:07');

-- --------------------------------------------------------

--
-- Table structure for table `banners`
--

CREATE TABLE `banners` (
  `id` int(10) UNSIGNED NOT NULL,
  `name` varchar(255) NOT NULL,
  `url` text NOT NULL,
  `url_banner` text NOT NULL,
  `pos` int(11) NOT NULL,
  `status` int(11) NOT NULL,
  `user_id` int(10) UNSIGNED NOT NULL,
  `created_at` timestamp NULL DEFAULT NULL,
  `updated_at` timestamp NULL DEFAULT NULL
) ENGINE=InnoDB DEFAULT CHARSET=utf8 COLLATE=utf8_unicode_ci;

-- --------------------------------------------------------

--
-- Table structure for table `category`
--

CREATE TABLE `category` (
  `id` int(10) UNSIGNED NOT NULL,
  `name` varchar(255) NOT NULL,
  `slug` varchar(255) NOT NULL,
  `parent_id` varchar(255) NOT NULL,
  `created_at` timestamp NULL DEFAULT NULL,
  `updated_at` timestamp NULL DEFAULT NULL
) ENGINE=InnoDB DEFAULT CHARSET=utf8 COLLATE=utf8_unicode_ci;

--
-- Dumping data for table `category`
--

INSERT INTO `category` (`id`, `name`, `slug`, `parent_id`, `created_at`, `updated_at`) VALUES
(26, 'Đàn guitar', 'dan-guitar', '0', '2023-01-06 10:45:35', '2023-01-06 10:45:35'),
(27, 'Đàn guitarr', 'dan-guitarr', '0', '2023-01-06 10:45:43', '2023-01-06 10:45:43'),
(28, 'Đàn guitarrr', 'dan-guitarrr', '0', '2023-01-06 10:45:52', '2023-01-06 10:45:52'),
(29, 'Guitar Acoustic', 'guitar-acoustic', '26', '2023-01-06 10:46:00', '2023-01-06 10:46:00'),
(30, 'Guitar Điện', 'guitar-dien', '27', '2023-01-06 10:46:08', '2023-01-06 10:46:08'),
(31, 'Guitar Classic', 'guitar-classic', '28', '2023-01-06 10:46:15', '2023-01-06 10:46:15');

-- --------------------------------------------------------

--
-- Table structure for table `detail_img`
--

CREATE TABLE `detail_img` (
  `id` int(10) UNSIGNED NOT NULL,
  `images_url` text NOT NULL,
  `pro_id` int(10) UNSIGNED NOT NULL,
  `created_at` timestamp NULL DEFAULT NULL,
  `updated_at` timestamp NULL DEFAULT NULL
) ENGINE=InnoDB DEFAULT CHARSET=utf8 COLLATE=utf8_unicode_ci;

-- --------------------------------------------------------

--
-- Table structure for table `migrations`
--

CREATE TABLE `migrations` (
  `migration` varchar(255) NOT NULL,
  `batch` int(11) NOT NULL
) ENGINE=InnoDB DEFAULT CHARSET=utf8 COLLATE=utf8_unicode_ci;

--
-- Dumping data for table `migrations`
--

INSERT INTO `migrations` (`migration`, `batch`) VALUES
('2022-11-17 07:38:38', 1),
('2022-11-17 07:38:38', 1),
('2022-11-17 07:38:38', 1),
('2022-11-17 07:38:38', 1),
('2022-11-17 07:38:38', 1),
('2022-11-17 07:38:38', 1),
('2022-11-17 07:38:38', 1),
('2022-11-17 07:38:38', 1),
('2022-11-17 07:38:38', 1),
('2022-11-17 07:38:38', 2),
('2022-11-17 07:38:38', 3),
('2022-11-17 07:38:38', 4),
('2022-11-17 07:38:38', 4);

-- --------------------------------------------------------

--
-- Table structure for table `news`
--

CREATE TABLE `news` (
  `id` int(10) UNSIGNED NOT NULL,
  `title` varchar(255) NOT NULL,
  `slug` varchar(255) NOT NULL,
  `author` varchar(255) NOT NULL,
  `intro` varchar(255) NOT NULL,
  `full` text NOT NULL,
  `images` text NOT NULL,
  `tag` text NOT NULL,
  `status` int(11) NOT NULL,
  `source` text NOT NULL,
  `cat_id` int(10) UNSIGNED NOT NULL,
  `user_id` int(10) UNSIGNED NOT NULL,
  `created_at` timestamp NULL DEFAULT NULL,
  `updated_at` timestamp NULL DEFAULT NULL
) ENGINE=InnoDB DEFAULT CHARSET=utf8 COLLATE=utf8_unicode_ci;

-- --------------------------------------------------------

--
-- Table structure for table `oders`
--

CREATE TABLE `oders` (
  `id` int(10) UNSIGNED NOT NULL,
  `c_id` int(10) UNSIGNED NOT NULL,
  `qty` int(11) NOT NULL,
  `sub_total` float NOT NULL,
  `total` float NOT NULL,
  `status` int(11) NOT NULL,
  `type` varchar(50) NOT NULL,
  `note` varchar(255) NOT NULL,
  `created_at` timestamp NULL DEFAULT NULL,
  `updated_at` timestamp NULL DEFAULT NULL
) ENGINE=InnoDB DEFAULT CHARSET=utf8 COLLATE=utf8_unicode_ci;

-- --------------------------------------------------------

--
-- Table structure for table `oders_detail`
--

CREATE TABLE `oders_detail` (
  `id` int(10) UNSIGNED NOT NULL,
  `pro_id` int(10) UNSIGNED NOT NULL,
  `qty` int(11) NOT NULL,
  `o_id` int(10) UNSIGNED NOT NULL,
  `created_at` timestamp NULL DEFAULT NULL,
  `updated_at` timestamp NULL DEFAULT NULL
) ENGINE=InnoDB DEFAULT CHARSET=utf8 COLLATE=utf8_unicode_ci;

-- --------------------------------------------------------

--
-- Table structure for table `password_resets`
--

CREATE TABLE `password_resets` (
  `email` varchar(255) NOT NULL,
  `token` varchar(255) NOT NULL,
  `created_at` timestamp NOT NULL DEFAULT current_timestamp() ON UPDATE current_timestamp()
) ENGINE=InnoDB DEFAULT CHARSET=utf8 COLLATE=utf8_unicode_ci;

--
-- Dumping data for table `password_resets`
--

INSERT INTO `password_resets` (`email`, `token`, `created_at`) VALUES
('sp@gmail.com', '4ef83492c9675a69bf1f1660f0965653a0864f47a3b6d161fecba7cb12c131b4', '2022-11-17 00:38:38');

-- --------------------------------------------------------

--
-- Table structure for table `products`
--

CREATE TABLE `products` (
  `id` int(10) UNSIGNED NOT NULL,
  `name` varchar(255) NOT NULL,
  `slug` varchar(255) NOT NULL,
  `intro` varchar(255) NOT NULL,
  `promo1` varchar(255) NOT NULL,
  `promo2` varchar(255) NOT NULL,
  `promo3` varchar(255) NOT NULL,
  `packet` varchar(255) NOT NULL,
  `images` text NOT NULL,
  `r_intro` text NOT NULL,
  `review` text NOT NULL,
  `tag` varchar(255) NOT NULL,
  `price` float NOT NULL,
  `status` int(11) NOT NULL,
  `cat_id` int(10) UNSIGNED NOT NULL,
  `user_id` int(10) UNSIGNED NOT NULL,
  `created_at` timestamp NULL DEFAULT NULL,
  `updated_at` timestamp NULL DEFAULT NULL
) ENGINE=InnoDB DEFAULT CHARSET=utf8 COLLATE=utf8_unicode_ci;

--
-- Dumping data for table `products`
--

INSERT INTO `products` (`id`, `name`, `slug`, `intro`, `promo1`, `promo2`, `promo3`, `packet`, `images`, `r_intro`, `review`, `tag`, `price`, `status`, `cat_id`, `user_id`, `created_at`, `updated_at`) VALUES
(74, 'Ba đờn j250', 'ba-don-j250', 'âm sáng và trong', 'Giảm giá 29%', '', '', '', '1673027267_1.jpg', '', '', '', 1500000, 1, 29, 1, '2023-01-06 10:47:47', '2023-01-06 10:47:47'),
(75, 'Ba đờn j150', 'ba-don-j150', 'tiếng sáng và ấm ', 'Giảm giá 30%', '', '', '', '1673027339_3.jpg', '', '', '', 2000000, 1, 29, 1, '2023-01-06 10:48:59', '2023-01-06 10:48:59'),
(76, 'Ba đờn j100', 'ba-don-j100', 'tiếng sáng và ấm ', 'Giảm giá 99%', '', '', '', '1673027410_6.jpg', '', '', '', 1250000, 1, 29, 1, '2023-01-06 10:50:10', '2023-01-06 10:50:10'),
(77, 'fenderz ', 'fenderz', 'nghe rat chi la choay', 'Giảm giá 99%', '', '', '', '1673027525_111.jpg', '', '', '', 5000000, 1, 30, 1, '2023-01-06 10:52:05', '2023-01-06 10:52:05'),
(78, 'Fender150', 'fender150', 'nghe rat chi la choay', 'GIảm giá 35%', '', '', '', '1673027576_222.jpg', '', '', '', 6500000, 1, 30, 1, '2023-01-06 10:52:56', '2023-01-06 10:52:56'),
(79, 'Fender 250i', 'fender-250i', 'nghe rat chi la choay', 'GIảm giá 35%', '', '', '', '1673027629_333.jpg', '', '', '', 15000000, 1, 30, 1, '2023-01-06 10:53:49', '2023-01-06 10:53:49'),
(80, 'Taylor 150i', 'taylor-150i', 'Tiếng âm và trầm', 'GIảm giá 22%', '', '', '', '1673027704_33.jpg', '', '', '', 3000000, 1, 31, 1, '2023-01-06 10:55:04', '2023-01-06 10:55:04'),
(81, 'Taylor 100i', 'taylor-100i', 'tiếng sáng và ấm ', 'Giảm giá 30%', '', '', '', '1673027767_7.jpg', '', '', '', 2500000, 1, 31, 1, '2023-01-06 10:56:07', '2023-01-06 10:56:07');

-- --------------------------------------------------------

--
-- Table structure for table `pro_details`
--

CREATE TABLE `pro_details` (
  `id` int(10) UNSIGNED NOT NULL,
  `cpu` varchar(255) NOT NULL,
  `ram` varchar(255) NOT NULL,
  `screen` varchar(255) NOT NULL,
  `vga` varchar(255) NOT NULL,
  `storage` varchar(255) NOT NULL,
  `exten_memmory` varchar(100) NOT NULL,
  `cam1` varchar(255) NOT NULL,
  `cam2` varchar(255) NOT NULL,
  `sim` varchar(255) NOT NULL,
  `connect` varchar(255) NOT NULL,
  `pin` varchar(255) NOT NULL,
  `os` varchar(255) NOT NULL,
  `note` text NOT NULL,
  `pro_id` int(10) UNSIGNED NOT NULL,
  `created_at` timestamp NULL DEFAULT NULL,
  `updated_at` timestamp NULL DEFAULT NULL
) ENGINE=InnoDB DEFAULT CHARSET=utf8 COLLATE=utf8_unicode_ci;

--
-- Dumping data for table `pro_details`
--

INSERT INTO `pro_details` (`id`, `cpu`, `ram`, `screen`, `vga`, `storage`, `exten_memmory`, `cam1`, `cam2`, `sim`, `connect`, `pin`, `os`, `note`, `pro_id`, `created_at`, `updated_at`) VALUES
(57, 'Mahogany, Laminated  ', 'Aged Mahogany ', 'Grand Auditorium with Single Cutaway', 'Satin  ', 'Torrefied Merbau  ', 'D\'Addario EXP-16 (12-53)  ', '16\" (400 mm)  ', '25.5”  ', 'Không có', '20  ', 'Không có', 'Stairstep Wave  ', 'Không có', 74, '2023-01-06 10:47:47', '2023-01-06 10:47:47'),
(58, 'Mahogany, Laminated  ', 'Aged Mahogany ', 'Grand Auditorium with Single Cutaway', 'Satin  ', 'Torrefied Merbau  ', 'D\'Addario EXP-16 (12-53)  ', '16\" (400 mm)  ', '25.5”  ', 'Không có', '25', 'Không có', 'Stairstep Wave  ', 'Không có', 75, '2023-01-06 10:48:59', '2023-01-06 10:48:59'),
(59, 'Mahogany, Laminated  ', 'Aged Mahogany ', 'Grand Auditorium with Single Cutaway', 'Satin  ', 'Torrefied Merbau  ', 'D\'Addario EXP-16 (12-53)  ', '16\" (400 mm)  ', '25.5”  ', 'Không có', '25', 'Không có', 'Stairstep Wave  ', 'Không có', 76, '2023-01-06 10:50:10', '2023-01-06 10:50:10'),
(60, 'Mahogany, Laminated  ', 'Aged Mahogany ', 'Grand Auditorium with Single Cutaway', 'Satin  ', 'Torrefied Merbau  ', 'D\'Addario EXP-16 (12-53)  ', '16\" (400 mm)  ', '25.5”  ', 'Không có', '20  ', 'Không có', 'Stairstep Wave  ', 'Không có', 77, '2023-01-06 10:52:05', '2023-01-06 10:52:05'),
(61, 'Mahogany, Laminated  ', 'Aged Mahogany ', 'Grand Auditorium with Single Cutaway', 'Satin  ', 'Torrefied Merbau  ', 'D\'Addario EXP-16 (12-53)  ', '16\" (400 mm)  ', '25.5”  ', 'Không có', '20  ', 'Không có', 'Stairstep Wave  ', 'Không có', 78, '2023-01-06 10:52:56', '2023-01-06 10:52:56'),
(62, 'Mahogany, Laminated  ', 'Aged Mahogany ', 'Grand Auditorium with Single Cutaway', 'Satin  ', 'Torrefied Merbau  ', 'D\'Addario EXP-16 (12-53)  ', '16\" (400 mm)  ', '25.5”  ', 'Không có', '20  ', 'Không có', 'Stairstep Wave  ', 'Không có', 79, '2023-01-06 10:53:49', '2023-01-06 10:53:49'),
(63, 'Mahogany, Laminated  ', 'Aged Mahogany ', 'Grand Auditorium with Single Cutaway', 'Satin  ', 'Torrefied Merbau  ', 'D\'Addario EXP-16 (12-53)  ', '16\" (400 mm)  ', '25.5”  ', 'Không có', '25', 'Không có', 'Stairstep Wave  ', 'Không có', 80, '2023-01-06 10:55:04', '2023-01-06 10:55:04'),
(64, 'Mahogany, Laminated  ', 'Aged Mahogany ', 'Grand Auditorium with Single Cutaway', 'Satin  ', 'Torrefied Merbau  ', 'D\'Addario EXP-16 (12-53)  ', '16\" (400 mm)  ', '25.5”  ', 'Không có', '20  ', 'Không có', 'Stairstep Wave  ', 'Không có', 81, '2023-01-06 10:56:07', '2023-01-06 10:56:07');

-- --------------------------------------------------------

--
-- Table structure for table `users`
--

CREATE TABLE `users` (
  `id` int(10) UNSIGNED NOT NULL,
  `name` varchar(255) NOT NULL,
  `email` varchar(255) NOT NULL,
  `password` varchar(255) NOT NULL,
  `phone` varchar(255) NOT NULL,
  `address` varchar(255) NOT NULL,
  `status` int(11) NOT NULL,
  `remember_token` varchar(100) DEFAULT NULL,
  `created_at` timestamp NULL DEFAULT NULL,
  `updated_at` timestamp NULL DEFAULT NULL
) ENGINE=InnoDB DEFAULT CHARSET=utf8 COLLATE=utf8_unicode_ci;

--
-- Dumping data for table `users`
--

INSERT INTO `users` (`id`, `name`, `email`, `password`, `phone`, `address`, `status`, `remember_token`, `created_at`, `updated_at`) VALUES
(1, 'tom', 'tom@gmail.com', '$2y$10$TEY9mtHYRJ4G9oW.6n9D9.5.eHfae7I1po7iNVE8cNMsEORxtzv0m', '0868896944', 'Ho chi minh', 1, 'jFFpU4F9xl8TLtjS6DPBiI8qWugcLLXQWMtRSWx9UtBoB3TrjGpx66X8xMMh', '2022-11-17 00:38:38', '2022-11-17 00:38:38'),
(2, 'anh', 'anh@test.com', '$2y$10$l1kbe4s6eABtFVZqe5UpIese0vCemAMafuRjEPBanY8VIhZJgMUU2', '0868896944', 'dl', 1, NULL, '2022-11-17 00:38:38', '2022-11-17 00:38:38');

--
-- Indexes for dumped tables
--

--
-- Indexes for table `admin_users`
--
ALTER TABLE `admin_users`
  ADD PRIMARY KEY (`id`),
  ADD UNIQUE KEY `admin_users_email_unique` (`email`);

--
-- Indexes for table `banners`
--
ALTER TABLE `banners`
  ADD PRIMARY KEY (`id`),
  ADD KEY `banners_user_id_foreign` (`user_id`);

--
-- Indexes for table `category`
--
ALTER TABLE `category`
  ADD PRIMARY KEY (`id`);

--
-- Indexes for table `detail_img`
--
ALTER TABLE `detail_img`
  ADD PRIMARY KEY (`id`),
  ADD KEY `detail_img_pro_id_foreign` (`pro_id`);

--
-- Indexes for table `news`
--
ALTER TABLE `news`
  ADD PRIMARY KEY (`id`),
  ADD KEY `news_cat_id_foreign` (`cat_id`),
  ADD KEY `news_user_id_foreign` (`user_id`);

--
-- Indexes for table `oders`
--
ALTER TABLE `oders`
  ADD PRIMARY KEY (`id`),
  ADD KEY `oders_c_id_foreign` (`c_id`);

--
-- Indexes for table `oders_detail`
--
ALTER TABLE `oders_detail`
  ADD PRIMARY KEY (`id`),
  ADD KEY `oders_detail_pro_id_foreign` (`pro_id`),
  ADD KEY `oders_detail_o_id_foreign` (`o_id`);

--
-- Indexes for table `password_resets`
--
ALTER TABLE `password_resets`
  ADD KEY `password_resets_email_index` (`email`),
  ADD KEY `password_resets_token_index` (`token`);

--
-- Indexes for table `products`
--
ALTER TABLE `products`
  ADD PRIMARY KEY (`id`),
  ADD KEY `products_cat_id_foreign` (`cat_id`),
  ADD KEY `products_user_id_foreign` (`user_id`);

--
-- Indexes for table `pro_details`
--
ALTER TABLE `pro_details`
  ADD PRIMARY KEY (`id`),
  ADD KEY `pro_details_pro_id_foreign` (`pro_id`);

--
-- Indexes for table `users`
--
ALTER TABLE `users`
  ADD PRIMARY KEY (`id`),
  ADD UNIQUE KEY `users_email_unique` (`email`);

--
-- AUTO_INCREMENT for dumped tables
--

--
-- AUTO_INCREMENT for table `admin_users`
--
ALTER TABLE `admin_users`
  MODIFY `id` int(10) UNSIGNED NOT NULL AUTO_INCREMENT, AUTO_INCREMENT=2;

--
-- AUTO_INCREMENT for table `banners`
--
ALTER TABLE `banners`
  MODIFY `id` int(10) UNSIGNED NOT NULL AUTO_INCREMENT;

--
-- AUTO_INCREMENT for table `category`
--
ALTER TABLE `category`
  MODIFY `id` int(10) UNSIGNED NOT NULL AUTO_INCREMENT, AUTO_INCREMENT=32;

--
-- AUTO_INCREMENT for table `detail_img`
--
ALTER TABLE `detail_img`
  MODIFY `id` int(10) UNSIGNED NOT NULL AUTO_INCREMENT, AUTO_INCREMENT=66;

--
-- AUTO_INCREMENT for table `news`
--
ALTER TABLE `news`
  MODIFY `id` int(10) UNSIGNED NOT NULL AUTO_INCREMENT, AUTO_INCREMENT=15;

--
-- AUTO_INCREMENT for table `oders`
--
ALTER TABLE `oders`
  MODIFY `id` int(10) UNSIGNED NOT NULL AUTO_INCREMENT, AUTO_INCREMENT=15;

--
-- AUTO_INCREMENT for table `oders_detail`
--
ALTER TABLE `oders_detail`
  MODIFY `id` int(10) UNSIGNED NOT NULL AUTO_INCREMENT, AUTO_INCREMENT=22;

--
-- AUTO_INCREMENT for table `products`
--
ALTER TABLE `products`
  MODIFY `id` int(10) UNSIGNED NOT NULL AUTO_INCREMENT, AUTO_INCREMENT=83;

--
-- AUTO_INCREMENT for table `pro_details`
--
ALTER TABLE `pro_details`
  MODIFY `id` int(10) UNSIGNED NOT NULL AUTO_INCREMENT, AUTO_INCREMENT=66;

--
-- AUTO_INCREMENT for table `users`
--
ALTER TABLE `users`
  MODIFY `id` int(10) UNSIGNED NOT NULL AUTO_INCREMENT, AUTO_INCREMENT=4;

--
-- Constraints for dumped tables
--

--
-- Constraints for table `banners`
--
ALTER TABLE `banners`
  ADD CONSTRAINT `banners_user_id_foreign` FOREIGN KEY (`user_id`) REFERENCES `users` (`id`) ON DELETE CASCADE;

--
-- Constraints for table `detail_img`
--
ALTER TABLE `detail_img`
  ADD CONSTRAINT `detail_img_pro_id_foreign` FOREIGN KEY (`pro_id`) REFERENCES `products` (`id`) ON DELETE CASCADE;

--
-- Constraints for table `news`
--
ALTER TABLE `news`
  ADD CONSTRAINT `news_cat_id_foreign` FOREIGN KEY (`cat_id`) REFERENCES `category` (`id`) ON DELETE CASCADE,
  ADD CONSTRAINT `news_user_id_foreign` FOREIGN KEY (`user_id`) REFERENCES `users` (`id`) ON DELETE CASCADE;

--
-- Constraints for table `oders`
--
ALTER TABLE `oders`
  ADD CONSTRAINT `oders_c_id_foreign` FOREIGN KEY (`c_id`) REFERENCES `users` (`id`) ON DELETE CASCADE;

--
-- Constraints for table `oders_detail`
--
ALTER TABLE `oders_detail`
  ADD CONSTRAINT `oders_detail_o_id_foreign` FOREIGN KEY (`o_id`) REFERENCES `oders` (`id`) ON DELETE CASCADE,
  ADD CONSTRAINT `oders_detail_pro_id_foreign` FOREIGN KEY (`pro_id`) REFERENCES `products` (`id`) ON DELETE CASCADE;

--
-- Constraints for table `products`
--
ALTER TABLE `products`
  ADD CONSTRAINT `products_cat_id_foreign` FOREIGN KEY (`cat_id`) REFERENCES `category` (`id`) ON DELETE CASCADE,
  ADD CONSTRAINT `products_user_id_foreign` FOREIGN KEY (`user_id`) REFERENCES `users` (`id`) ON DELETE CASCADE;

--
-- Constraints for table `pro_details`
--
ALTER TABLE `pro_details`
  ADD CONSTRAINT `pro_details_pro_id_foreign` FOREIGN KEY (`pro_id`) REFERENCES `products` (`id`) ON DELETE CASCADE;
COMMIT;

/*!40101 SET CHARACTER_SET_CLIENT=@OLD_CHARACTER_SET_CLIENT */;
/*!40101 SET CHARACTER_SET_RESULTS=@OLD_CHARACTER_SET_RESULTS */;
/*!40101 SET COLLATION_CONNECTION=@OLD_COLLATION_CONNECTION */;
